Apple 아이폰 14 프로 맥스 256GB [자급제],"3,000,000원",https://cr.shopping.naver.com/adcr.nhn?x=q%2FADGPP6FCQw2taeJbhE9v%2F%2F%2Fw%3D%3DsCciZ3TccW6JnNSB8icBdUjq5tIFr1HaVet6TwBZkFTMZnZjrU3FzcM6ySRl%2FH7JPxtol95P5E6KfxvhK1uz0g715TXt7RaTt3wYJQCechMGwkozebsGv0RyFvx7T0H%2FtNjL2dtpzHmCBp%2BbnmzSrQci30QtKP1mA7BYZPpxeJLexWvZfe2todmJfmpbNrXnqHS6vBH%2B26nY3DrBdNTdLO7ix7jXt7MNVc9AIu4EfDZlNEwRr%2B3STfYHGn%2FB5b3e40GG%2BpVLTdl7Kf67ARQxQKfpdX3WbFkTDlH6jEpSAcw1r6kdrp7BvT8OlwZ7P37YyZp%2FuhVWf5tMOyu5R2EADu2HxSJt5VTUpQLu9QEC6mITUQvs8GHq%2Bj7OvUNvyviyxNuI4LFTY2WqFtIXruPOH2d6G3o9lWMVT9K5sskSlZrMEdLuJh13gFOuABI1CabywiMtqxTJsTfi%2F6Z%2FRG7FK7mn2a%2BVfQD8FsYi0Ypk%2BtxF6jvySWdAuqdDBn5xzOS4Io64ifB9DVeZ8ffla9GlFdgENoPQlPMwK1qxpeyxOSx3L9by8i7VHvZwlnQnPC0dJEs8cFUTVf2EXpmSuc9bAhOKrGX%2BP1az2sPV3vMLCNGAoqnatGLNM0Os4OUXILye9aGimR4pR27mrh1IoDTOSgA%3D%3D&nvMid=34561927619&catId=50001519
Apple 아이폰 14 플러스 128GB [자급제],"1,282,490원",https://cr.shopping.naver.com/adcr.nhn?x=Hq5qnc8J1R9o7jYZlJY1iv%2F%2F%2Fw%3D%3DskpmjR1NTf9aA%2BSrJAz3e0oKF3BvNauhCBt%2FTNlDCcR8ZnZjrU3FzcM6ySRl%2FH7JPRCTbcF8BmX4p7efsU4c%2BGL15TXt7RaTt3wYJQCechMGwkozebsGv0RyFvx7T0H%2FtNjL2dtpzHmCBp%2BbnmzSrQci30QtKP1mA7BYZPpxeJLexWvZfe2todmJfmpbNrXnqIjnZHz9Rql%2BRNAR1bxG7%2F7ix7jXt7MNVc9AIu4EfDZlNEwRr%2B3STfYHGn%2FB5b3e40GG%2BpVLTdl7Kf67ARQxQKfpdX3WbFkTDlH6jEpSAcw1r6kdrp7BvT8OlwZ7P37YyZp%2FuhVWf5tMOyu5R2EADu7hXSR80pOhUVPJHqg6VUvDUQvs8GHq%2Bj7OvUNvyviyxNuI4LFTY2WqFtIXruPOH2fD21JvgvUzW%2BzFptdvyTcIEdLuJh13gFOuABI1CabywiMtqxTJsTfi%2F6Z%2FRG7FK7tnAB3JrBreBqCA%2FIdH2YrMPVL%2B%2Frl5PLPXtI0kaP8PkmKdeEMdUbtmzDI4Aa7HQcTanGKVphXzYem4F7XYZcJJJp%2FnW1vlc%2FkrfPdJptn6Pj%2FaM5nVf1rOXk0fVU4woW8KpbIynug7WMMC34B%2BjOXrZZwz1tosLMtLL%2Fm4y4xRWgqgOvq6z5EpEI5N2xav1Mg%3D%3D&nvMid=34562379623&catId=50001519
[아이폰] 애플 아이폰14 프로 256GB 미개통 새상품,"1,694,000원",https://cr.shopping.naver.com/adcr.nhn?x=51Nck%2BW7BS%2B2x8YwvB4kSP%2F%2F%2Fw%3D%3DsKo8Z1lR%2FM8kA6yYJAvfDH97w6wtQJiGmrBSYyy27bITzrIoIuj9lIGxoqpn2j8WfDXUSeYlGRnWfG6vTURBrOAvxJu5cSTvLcrEc53HbNbbUEbLbhWTPbILCCxZXM6tbnVwkcKaA1WLLJnGDw4i6Qxv5PZtYmS%2BmNvXLXF9nEnGUNUv65oeq781FR%2FMJQKy4X9M6JenI5WxqDuF87gsdRF1QkOgf7h4Fkv8l4zJ0VLJqTF9aoUSC9EMpTYOpbddFNqOPGRaclpU1FVk%2Fz8jlo1gES2XEvhYYeVGKhWntA9%2BrilkDeG%2B1rLU11UaeFf3disext5K2yYkF868rsMDqidwq54nWkjEZboJLd9pjcRUHo3MA%2F1FSBVpwj3VuRd9Tf5S5ycDGuwbfEdv1A6kKwqqspdxD9tZ6FdHcpje5xID4Rrrs8AbjMzUWm%2B4alAkJ%2F5Zn%2BQc78IVFvaSUjB0Kev0Kn4GBj8nSrN%2FkkBLMqESpmbzIO9Lg9qcZ8gdmVYVqLhxXN1oCTuGT%2Bo%2F%2FCH18GUnkj%2FRYmnP6KQzoPswD39MGhL4rjed1CTp9Ae0koTqXeSXpG4ZRITeCsXZJmfEL4xeZymCTyMnRkQOzNkTuH%2BjjbtmitzD%2BbxalaWvRlXyLBl9eJprWCgetBT6jxwt%2FUAegVdTuusnUj4PCrEidrG9B0CIl3BeKsFF2drF%2B%2BsFv&nvMid=34962648323&catId=50001519
애플 아이폰14 프로 256GB SKT 기기변경 선택약정 89요금제 사전예약,"1,615,000원",https://cr.shopping.naver.com/adcr.nhn?x=DXNe3L9G92k3aviNOxxllP%2F%2F%2Fw%3D%3DsLpcxQwSN4WYrpN3FdMARQ7D51k3GK5%2BJabKCEZqHxFcZnZjrU3FzcM6ySRl%2FH7JP6wC9TaZ361vTAD%2BGruoYWb15TXt7RaTt3wYJQCechMGwkozebsGv0RyFvx7T0H%2FtNjL2dtpzHmCBp%2BbnmzSrQfu6oAkTGETHMs8EuiNceQu7Hxe1jZxPZke3vIE1zCs5LyypsF1AOw3nBS2zd6pRxDySF3lbTw609QEJlxVZSK7tFhQzD%2FEJ8djBzoCnZvorywzmTmRvGD%2FgZYTjyHvRo3rTXr7Kn13ziv%2BL7HuG0pJthTvU%2F05au0wXf8ba3f3aenMWKCyLivT3hTa0eQ6jngM3o7z%2BVpHWfgD6irdsNIXBz7%2BORHa%2BX777%2F5U82WuFNyUHN%2Bebwxe85nY5k4DqduRAQa%2FNMid5uroNAPhM1o0pqKrfV6tsuZtspPK5aGrUqrX4LXQTfj2Wdr5ifdYkrBHS4H%2BnDsakWkhoHx%2BzeTerBsr40uOCEKhwZbijibmwfi31Tl4SWJV0z8kOCVCKP15toIpr4eZddz0SmCZTB6nxIbW6mpoiTfu68QrqiWRWPn5X76gOvhTUNtQBUQabvfWgM2X%2BLakemJ4Q8fWgQdI9jwI207JRMWZoqOSRGaJ12akNhGhi2Ybz1i0CcTUqLhRNdoXVcqhQqbt1ixw6a8L7lJ6hNA8TsQAG8EFUkpA2QQd7TTAJ6zBM1xfnCD1InhGdn9E4nDuVzfAqNTIkZyiCqA6%2BrrPkSkQjk3bFq%2FUy&nvMid=34564078033&catId=50000246
[아이폰] 애플 아이폰14 프로맥스 256GB 미개통 새상품,"1,892,000원",https://cr.shopping.naver.com/adcr.nhn?x=mM9x%2BaLqbylNOuiD5bgWYP%2F%2F%2Fw%3D%3Ds5FkRXpsYRBysBli9j1%2FsA2GIC22%2BokuBv9vnLnicaO0ZnZjrU3FzcM6ySRl%2FH7JPFynp0RD6BoclBjPQx3l%2Fm715TXt7RaTt3wYJQCechMGwkozebsGv0RyFvx7T0H%2FtNjL2dtpzHmCBp%2BbnmzSrQcRtV6%2BUNMOsqshYZazgRclp4DGxJcjC91W15IQ6y0Ty%2Fo5zG0s4n5YIo4YIEXXTBbVkPn0oQGaenQy8E8eDpVHFkkZgzrz8LKbvutlyKB%2BT1JttgEd83fK%2F7TSLaCwXK1xr1MzCwSs370Yj398XXssDN6O8%2FlaR1n4A%2Boq3bDSFwc%2B%2FjkR2vl%2B%2B%2B%2F%2BVPNlrhTclBzfnm8MXvOZ2OZOA6nbximHjGlx%2BKfHtbpDMM6n1rxn3FgoB55e6wbEyBHEnRAGy%2B%2FkRkm3rWZcBPHKdQUq5kb%2B41Lni%2Fq2%2FeW%2Fbt5wK8t2xit4ZgylaeXSgI7EyS6%2BH1KLCE%2BK5ye6tobARhNBk6CRJWLkE5gaiHmaZSisQb9%2BlurgaSlD%2FiHFox%2ByFXVcCHe6XkKmdMYQBG2%2B37vgL6nrfebnckJCqgqS%2F1UnI6EqqHu64Z7KYVrFNq3FS7lT%2BRi6sRRZiEDwaPsa2fstlNzdJFgkoR1MOL3Zb6EWFsORge5jXrx9BrGZ1RdpOn2O1YeyNOTNfK07N1ZvgSNfke%2FVP%2BgM94BPZkP5YJ%2Bex&nvMid=34972375888&catId=50001519
아이폰 사전예약 14 프로 256GB 자급제 실버 GS,"2,090,000원",https://cr.shopping.naver.com/adcr.nhn?x=NzJic7nYQWtD2bI22BiSS%2F%2F%2F%2Fw%3D%3DsxrgHBb6XeJxG4XGCQYST9I8yLfJYEhdvVd9Rzx6d4uXzrIoIuj9lIGxoqpn2j8WfShFYT%2BJZZ05YTeRzzeb2XwvxJu5cSTvLcrEc53HbNbbUEbLbhWTPbILCCxZXM6tbAKFEfA9fdNT3xEOqRmNO38j%2FdcXeK4zHpuWdvA8cmNSWtcgxh%2FsOYl4JgAkU%2F9XhcOm4UoSDQKtQs0uez7oCAGwz4HvOeOXNGisECu%2FbFJOMoYn7Bwe1Au%2BiqPSyF8gSk8cc59m1BOeio2g4sehygCCJCyJE0z6BSyGldPv5gTWgSwhF5fm2xugAQA7dfUwAw6ZjbtkbN7RD61dGUzg7G1qsmhWtsS26cBgiQoajA6qKm1KxD0aQROKXul0m0Y4mv9OAQbFvoz00Z8EOdVfO2WxeDmVS9kP3MLsWL1Ykk4cpnfYFkVg6W5SZXhNC89iMIcE7ONtcdOnPfQltEK2Z8zMPaCYB92brD2i0zpAugGP1nAZ0HVYFqRQfZMHrPEnCfQ8dkhd0PQn1o9NELTp7IwWKpGpLzMwLleNrRpMs3BvQONf0nnuMTbwtOfe6rXf4gzKtkb5SZq6pWvG2pTK6W8vTtug4vCjEvohqOyQz59nBlS9RMOR7IicJk5nx6EUE8TKA%2FwU83kxAH44UV5AgVWhopkeKUdu5q4dSKA0zkoA%3D&nvMid=34608447857&catId=50001519
Apple 아이폰 14 프로 128GB [자급제],"3,000,000원",https://cr.shopping.naver.com/adcr.nhn?x=HLCMeJgKGrPX0l1zdp6A%2Fv%2F%2F%2Fw%3D%3DsC%2FI27O7zKoVPhmvFs%2FfiPS8WMVYDKwnGVEIXQ3TmepjzrIoIuj9lIGxoqpn2j8WfEq4oQ%2FWI8gP7AngKY7RFaQvxJu5cSTvLcrEc53HbNbbUEbLbhWTPbILCCxZXM6tb3M2z7RFzFSRVQFSBf1qG%2FUPg%2F6PYJW9LpCSumzPJoiiI9aZyW4hhCgmcrsQhWGWGUqlq%2FaigcbGDbAqhz3Q%2F8%2FKAXVfyDB1yTbVYYpYzcFnUHxlEatbmVq7jmztE%2Fyws2x5DAcm55SB0HDXzmGe%2BOwM3o7z%2BVpHWfgD6irdsNIXBz7%2BORHa%2BX777%2F5U82WuFQKqT6kqRQCkn%2FWvq3tTzqMw1CEEAVPmP3wZv8PtzOnT1QQzCLreNp8sjPDBjStixmJdtCykjUzUGizVAQsHFYinmRdiDwRL1KZj1w6aCc%2BNFiBdPxTSuvYOb67FAYBAG4FlkNHDteHjWNuj%2BRn12I9H7zvJOZf1oQltdHY%2FmPwdD%2FkFMO4s7sTx4sbc7XXXQXl52Fau8IG2vBoGlpFl9NP4YAdz%2F9nGvA%2FwvRse36AdPwCXFJiRdosf3os3K%2FWn1aVAW7DL6dVXxkeeEDTc%2BPyzMVWnoH7uWrlYpFhUKlmUDfkLIyuldBS3f8m8e6nLmzUhNzs2VE%2B%2Bisqs3JAEppg%3D%3D&nvMid=34558906623&catId=50001519
해외아이폰14 Pro / Pro Max iPhone14 미국직구 무음카메라,"1,779,000원",https://cr.shopping.naver.com/adcr.nhn?x=Ms51c0dKp6uCuFITARlSMv%2F%2F%2Fw%3D%3DsIT7CaiVtYUMzQ1TS2SqhKlDke%2Baco10szliykaENCac1yF%2BGZ396IKxRu7%2BmKAauLzaZC%2FMAoCEvZdzX2Kz%2FMtnQRS9rJFUtraSkWt1ZJMW7R5gAiEWV4ay2aR6WqDf3WsK%2BwOAVXC8KGJlxeInApYZYgwI2fs40XR%2FERq%2FGNyfWK4fiV391hyKbNzjTTmNIBJdMUBwi2iaBgGuFA4iULJBwjdXMy0DvSaYCtGUC%2FYz84irqoupb5cHtoCFQH9lAJV03cukp%2F9sq6JmLvPVclDmambDlBNohuzUAmkcCcAw0uFlSKBKQ2%2BCh9xgjec8NXa1PYAb0zmPF1cRoKRscXS9iNknJ%2FLD1dlCUhDGpaN166eh0CPapkwkxYpXRp2d%2BVvvTE4ug5zIElwKkPN5YuZIXOq5v7vlAQ%2BQ5CdsJrD7blGKv6Tu8xheAnwkdZf8YZ6WsdBYZ7Fc2RyTlBHzYPfd70gRqmDwtYu9FcdWJ4%2B9c4jwqwnVrRL8b094XXE0eOLjFpDaLZ8uIKIl1NFEstSb4nhRNkJYo6kHk3UeSxuO1SQRNv37JxBGmsXZHxIdsyMk%2BV2BYyj2xs8lS7IMdy5h6ICzYSvD6GDIIBYAuXyoGruH08DlKshetxY8KUEZb&nvMid=83251553577&catId=50001519
아이폰 SKT 아이폰14프로 iphone14 pro 제휴카드/플래티넘/사은품,"923,000원",https://cr.shopping.naver.com/adcr.nhn?x=UnK1DJxjCzmsGcC122C3xf%2F%2F%2Fw%3D%3Dszxs1PEmtNIhuZtdUy4GLBaaen9OCLHoeCk2XFTfTFizzrIoIuj9lIGxoqpn2j8Wfpzq7QGSCXnboAIxZ%2BduxkwvxJu5cSTvLcrEc53HbNbbUEbLbhWTPbILCCxZXM6tbAKFEfA9fdNT3xEOqRmNO38j%2FdcXeK4zHpuWdvA8cmNSWtcgxh%2FsOYl4JgAkU%2F9XhcOm4UoSDQKtQs0uez7oCAGwz4HvOeOXNGisECu%2FbFJM4RqQcixGFr8UxPIY4Jv35k8cc59m1BOeio2g4sehygCCJCyJE0z6BSyGldPv5gTWgSwhF5fm2xugAQA7dfUwAw6ZjbtkbN7RD61dGUzg7G1qsmhWtsS26cBgiQoajA6ppgZcaCv%2BEJyWnd39VnJ61v9OAQbFvoz00Z8EOdVfO2RcslTx40eBDk3fa1353GSvfZjyEufcUA9oY4m3yYvDSIcE7ONtcdOnPfQltEK2Z84kH%2BPkS8F%2Fvv%2F8OGmVERyDm4csy%2BsLtnlXcAsazrKokmDdwsA7TIqMnRL0s3p6cpkoKI9QGojmGlw8EsU8%2BEZtkeOWvBwsugyZYKhj98zIxD5uQclc31BPb0C3zc45Vqyipr6r1OGuYkCjlMePcxVTmELFO07QEQYUyi%2Bk709RTKOqqWwnhORVpnKDMDOH4o4iwgOd2r%2Bq%2Fk9DtktgkHcMDfkLIyuldBS3f8m8e6nLmzUhNzs2VE%2B%2Bisqs3JAEppg%3D%3D&nvMid=34835313295&catId=50000246
SK아이폰14 프로맥스 플러스/정식출시/Apple i-Phone14pro max plus,"1,085,500원",https://cr.shopping.naver.com/adcr.nhn?x=fiF4RvlGdgzUKS2MpYqc2P%2F%2F%2Fw%3D%3DsHjKGjYGtvPOEjbUjZsZS703CHyisn2lWdVRa2KaFkBbzrIoIuj9lIGxoqpn2j8Wf3C84gOtqYOnKuywiJMEtuwvxJu5cSTvLcrEc53HbNbbUEbLbhWTPbILCCxZXM6tbpnn4T6G7Et%2BtkWw7RN9WCRNIAgQtCcZ9iPoDTtitHvZHYLeCpGuAcrPqKLTqOeuImhwHYfvNqbolNCtldtycAbJCU8gUzwsMYDCy00vLcJp04hXeJQ1j9RAdt%2FFLjRXZ1QekUY5YnqZoUIQNITRy3z9rXyqENDUD8omnd%2BAEOivf3Vb8LXDlJWzaxi1N0VJ6c79zjzqioW6JrZc%2Ff%2F5piERXDyPzu3Pl%2BGfIVgk6eQYXLJU8eNHgQ5N32td%2Bdxkrj9MQMPEgC6KMfHs7c0yCjo0sd%2Ff7zrlTRGuSd7u243lzxKGGQRO7PNumg3B9uVviJV%2BrUvf8L8xjTaiTsW3buuKGUCK%2BUi1NTDdd9w%2B3w67ib91DzfIjfZAgZdbhl17wfBIDg4DsGxatsKblbwKQSRnlxaJHGU7%2FohmDGnk0qpJo5ERkmJ%2FO45oIF%2FTOy50D5hCxTtO0BEGFMovpO9PUUzWACiEdR7%2FBagiiv8KnBafJtrlvBYDHriNNxudi03Fib1NmOoRBMBsXNQGXzjfbC%2BFUQB%2FrDAzm2q1KHRsHkfE%3D&nvMid=32923981942&catId=50000246
애플 아이폰14 프로맥스 256GB SKT 기기변경 공시지원 89요금제 사전예약,"1,767,000원",https://cr.shopping.naver.com/adcr.nhn?x=SIz%2FMh4KAwvM%2FPkk1ss%2BYP%2F%2F%2Fw%3D%3DsIJS62FkY91imm73YqYV9ZUZfZeF7pR2g%2Fn8tdVADk6sZnZjrU3FzcM6ySRl%2FH7JP%2FYeFlIFjE9oAyASSmV5oV715TXt7RaTt3wYJQCechMGwkozebsGv0RyFvx7T0H%2Ft%2BGntvTXPrin4%2Fn8AlVC3Le0JZ4vKXq2xVuFay0gNbwiO%2FsdgQE5FIA0Tw1QMogpF7LlBvfj%2FGRh7Bt7adiOPFYm3RGpgxJTuoDcom5yqL5Kt1aK0eGwEh5JfNjotl0VUAzejvP5WkdZ%2BAPqKt2w0hcHPv45Edr5fvvv%2FlTzZa4U9b9aGzCz6aopnJILC3Fv%2FckEl8HFE96gcaQXUeWi1mYEAJCQYnmRAsYuPR7a%2FneG%2Bmdr%2BlTLWDklxCJB%2FSTGLEncJuowam%2Fotq1ZBrmxSt%2B0O7wm%2B67JkV415rrRl2Km5OoduD8RADqF2BlzG%2BqPnVx%2BZfYgjwnzMGi2hzw588DsxKAH7yLNG1jYxVkWzCx4QQoBnoA9EBflyvflUuStj9aAzZf4tqR6YnhDx9aBB0j2PAjbTslExZmio5JEZonXZMci9iQUtUOBjgp1SNtJbzEVcb36FzuWIEe5nEjRp1g%2B5DDH05Q60GcFg1fOQMN5w8lq5H6t0l8P9Xsk%2BWdJAPOSXwaLSw%2FiUSF%2F9I%2Fz9kYKoDr6us%2BRKRCOTdsWr9TI%3D&nvMid=34587160101&catId=50000246
아이폰 사전예약 아이폰14 선택약정 iPhone 14 128G 256G 512G,"899,000원",https://cr.shopping.naver.com/adcr.nhn?x=4VJVFGnZ%2BM4mmKHTd2fV8%2F%2F%2F%2Fw%3D%3DsY6UQiRTHqrU%2BdQygjaSExToRsD2n%2BxN95DEcTL83pE0ZnZjrU3FzcM6ySRl%2FH7JP%2BLUeNgnO4BMKBuJD4cekcb15TXt7RaTt3wYJQCechMGwkozebsGv0RyFvx7T0H%2Ft%2BGntvTXPrin4%2Fn8AlVC3LSS3wIiOr3YtmM%2F3i%2BtSjwsecXWF1oTp6yntjphAHq0gJnOGC4HAhQ%2FXm0DuyiyG%2BjYVWLHDIo%2FSfS0hpZFFt7d7tR0IAqCzLZG6c7TALKa%2Fal4oVSFtXynR83lGsOd3GH47TZtbSyMGPH4JTYZ0Taa3IM22J5946Ax45r7O1%2FmGQ%2BD%2Fo9glb0ukJK6bM8miKArsK1DNlYuW6vX8WB7j4Slo0JpPtPwVk2772SlOiK8d7AzU%2Fq9xqnVAakNv7jZv%2F9uQ69bVEM9Vy1iRELG8iNKuVOWLKZD%2Bkzs6EBdcFu2fFCJLeTNMiIpdd72TMnUFRxwXSapIiYQm7XYaJojrtAbdqcG5Kr3gDlWJP60eXQoTwai5P3%2BBnkNY9uhiir5bKP5TL1X7jGyVOvdZZelMIt5A9US4lh5yTusa2BInzS1wrO%2BPUvo0%2FQo9QHa%2Fuf3Y9DHL8YhwEv4KLwgvPd57jH3L07boOLwoxL6IajskM%2BfZ9c0S6scvxUGqHQgXgnk%2BCZUK01ns3FGnlA4XsIvGr9PNjqh%2FZemCCOboDhnweAmG&nvMid=33084087561&catId=50000246
Apple 아이폰 14 프로 맥스 128GB [자급제],"3,000,000원",https://cr.shopping.naver.com/adcr.nhn?x=TNJpDngf7CeaMTmWJ4Fpgf%2F%2F%2Fw%3D%3DsHHLdnnKfMFGnzdgJw6FkTAEAWEWhUDBfPRjEqFU4%2B4oZnZjrU3FzcM6ySRl%2FH7JPF1TF7Ro2BwwKcfdQ21iUQ715TXt7RaTt3wYJQCechMGwkozebsGv0RyFvx7T0H%2FtNjL2dtpzHmCBp%2BbnmzSrQci30QtKP1mA7BYZPpxeJLexWvZfe2todmJfmpbNrXnqLlpC8e0x4a0Q94AmKTeVoLix7jXt7MNVc9AIu4EfDZlNEwRr%2B3STfYHGn%2FB5b3e40GG%2BpVLTdl7Kf67ARQxQKfpdX3WbFkTDlH6jEpSAcw1r6kdrp7BvT8OlwZ7P37YyZp%2FuhVWf5tMOyu5R2EADuylEHfWaoB%2BILZ30VZYOd5zUQvs8GHq%2Bj7OvUNvyviyxNuI4LFTY2WqFtIXruPOH2fniNcdyPeqBLOG8zIqmrt0EdLuJh13gFOuABI1CabywiMtqxTJsTfi%2F6Z%2FRG7FK7ph2%2B170Lc%2Fh1s0cur%2FyDfm9lbCAHUgYx7U3V2HOvd43o64ifB9DVeZ8ffla9GlFdmfxvDY6gG4z0slsKEEbOomTnEzW8MJe%2BqXPwOAoWQrxEs8cFUTVf2EXpmSuc9bAhEjp%2FD1Yh%2F2vJBg7NPkzQviJK4Gn%2FCiqXJ4uNWVXB9cJzY6of2Xpggjm6A4Z8HgJhg%3D%3D&nvMid=34562805618&catId=50001519
Apple 아이폰 14 플러스 256GB [자급제],"1,424,970원",https://cr.shopping.naver.com/adcr.nhn?x=87tgw1PNaBtGv666J%2FZD1f%2F%2F%2Fw%3D%3DsZ66ifBieJ8N3lLVzjcYlVXrbdoFgtOTNurW563U35aMZnZjrU3FzcM6ySRl%2FH7JP7OuqOD9PAv9K8CixeK5EPb15TXt7RaTt3wYJQCechMGwkozebsGv0RyFvx7T0H%2FtNjL2dtpzHmCBp%2BbnmzSrQci30QtKP1mA7BYZPpxeJLexWvZfe2todmJfmpbNrXnqi7JMzk1FfmvBUcYNo1y8q7ix7jXt7MNVc9AIu4EfDZlNEwRr%2B3STfYHGn%2FB5b3e40GG%2BpVLTdl7Kf67ARQxQKfpdX3WbFkTDlH6jEpSAcw1r6kdrp7BvT8OlwZ7P37YyZp%2FuhVWf5tMOyu5R2EADuyu6Ghy9E5yDq6vfY2VUM1%2FUQvs8GHq%2Bj7OvUNvyviyxNuI4LFTY2WqFtIXruPOH2cLoOXr6uhm9mfTzRCK%2FKGMEdLuJh13gFOuABI1CabywiMtqxTJsTfi%2F6Z%2FRG7FK7q%2BT%2F3EwDc3L6tk7D8%2B9kx8PVL%2B%2Frl5PLPXtI0kaP8PkmKdeEMdUbtmzDI4Aa7HQcU3xs2wbldTDmQ7d9HiGKAGNZol%2BCRRSudHMoeaDho%2BSezdPirNIEhU3YcDKwV2g5O9L0rXahsqn%2Bczy1VUkXNmWXEcdJzhm%2BZ1n1N0dE850DhLBwu%2FFQS5xWYf5w6G3jQ%3D%3D&nvMid=34562947618&catId=50001519
Apple 아이폰 12 미니 128GB [자급제],"752,990원",https://cr.shopping.naver.com/adcr.nhn?x=V6Y4Z1K7fuxud%2FGgDSYc4%2F%2F%2F%2Fw%3D%3DsZdKeMwXIzG88kfZq6Jz4vo%2FR4mByyz5NT5GtZ4uJEAAZnZjrU3FzcM6ySRl%2FH7JPwMLVHuOMVWMrdJ5Bs%2BPW2715TXt7RaTt3wYJQCechMGwkozebsGv0RyFvx7T0H%2FtNjL2dtpzHmCBp%2BbnmzSrQci30QtKP1mA7BYZPpxeJLexWvZfe2todmJfmpbNrXnqKQNb6%2F9TzJrrrbUJLHacz7ix7jXt7MNVc9AIu4EfDZlNEwRr%2B3STfYHGn%2FB5b3e40GG%2BpVLTdl7Kf67ARQxQKfpdX3WbFkTDlH6jEpSAcw1r6kdrp7BvT8OlwZ7P37YyZp%2FuhVWf5tMOyu5R2EADu%2BwkxgOnACuUKDETearCMO%2FUQvs8GHq%2Bj7OvUNvyviyxVfkGD2WTsN1c0wdlhPB05PND82mvrlZdv%2FTgFw9NhZYEdLuJh13gFOuABI1Cabyw40i2dGEhBQwe2UYNYAHZwm%2BxLbYFZPvhaF%2Blk8YdfMPPU6pntGCurhu%2FV8uonTYh5X6MB3JdbnBohOi8QY2msoZkgBYy7MQqHUagyGAMBA0Usqiq%2BaRdh19ZzFGBbFc88PrSuyjn4acnbg6C%2Bhzmy0OqpVidLDMu%2Fom1wZfdXl4cEWvhAcnWT5LjvntUuw%2FABq7h9PA5SrIXrcWPClBGWw%3D%3D&nvMid=24452740523&catId=50001519
[아이폰] 애플 아이폰14 프로 1TB 미개통 새상품,"2,299,000원",https://cr.shopping.naver.com/adcr.nhn?x=EcFJCWgxrrZ04zu6468DZ%2F%2F%2F%2Fw%3D%3DsgYF2L7wUTnus9DcxMpZm6NMSoDD2g%2FgqjcmdtyEVscwZnZjrU3FzcM6ySRl%2FH7JPx83SQ2hiVC5B6EthFmBiub15TXt7RaTt3wYJQCechMGwkozebsGv0RyFvx7T0H%2FtNjL2dtpzHmCBp%2BbnmzSrQcRtV6%2BUNMOsqshYZazgRclp4DGxJcjC91W15IQ6y0Ty%2Fo5zG0s4n5YIo4YIEXXTBbVkPn0oQGaenQy8E8eDpVHAWcmM3qT7wTBOSd1QF0so1JttgEd83fK%2F7TSLaCwXK1xr1MzCwSs370Yj398XXssDN6O8%2FlaR1n4A%2Boq3bDSFwc%2B%2FjkR2vl%2B%2B%2B%2F%2BVPNlrhVx1PqzZE3ZOTr8KfuhpgqSaUN2G%2Fg4OBU5PSDUinjTIrxn3FgoB55e6wbEyBHEnRAGy%2B%2FkRkm3rWZcBPHKdQUpGyFjAWefTiGa6piPe98xq8t2xit4ZgylaeXSgI7EyS6%2BH1KLCE%2BK5ye6tobARhNATTw%2FEnUFckJk9RDWaxSV7aIJO74Jbmg%2FBSNmqnvG9JMT4LNhk1f3YB6aFMHGZazYCN%2B760rzAw61g9s28k8zBnQ6Wzh99r%2FHFgtTF06F4A1DHowu7b%2FWdAMjf82k6dD2H5NeX9zG7L6jHUkZXOJQLZKP9iUShp08oGrBM%2FVIoAu2vo02Z6p%2F8BGrMIKlPhtmCqA6%2BrrPkSkQjk3bFq%2FUy&nvMid=34962450019&catId=50001519
[아이폰] 애플 아이폰14 프로맥스 512GB 미개통 새상품,"2,200,000원",https://cr.shopping.naver.com/adcr.nhn?x=emnkt0hDtva%2FUlcxCXOMC%2F%2F%2F%2Fw%3D%3DsID5q3%2BIchYNXHHw7xkyMFuGXTuVKEzxpK4z11xFtxZgZnZjrU3FzcM6ySRl%2FH7JPjWPbPwBSWkPI%2BkLlZg6fob15TXt7RaTt3wYJQCechMGwkozebsGv0RyFvx7T0H%2FtNjL2dtpzHmCBp%2BbnmzSrQcRtV6%2BUNMOsqshYZazgRclp4DGxJcjC91W15IQ6y0Ty%2Fo5zG0s4n5YIo4YIEXXTBbVkPn0oQGaenQy8E8eDpVGtP4LpsT5%2FFxzGSJO9YxBZ1JttgEd83fK%2F7TSLaCwXK1xr1MzCwSs370Yj398XXssDN6O8%2FlaR1n4A%2Boq3bDSFwc%2B%2FjkR2vl%2B%2B%2B%2F%2BVPNlrhSMsabe6Q7d2ww4NeVqsw1N%2F7XROOIvKh3wPUm4fF%2BRzrxn3FgoB55e6wbEyBHEnRAGy%2B%2FkRkm3rWZcBPHKdQUo0nHCJRskCpzy%2BT4ARraSI8t2xit4ZgylaeXSgI7EyS6%2BH1KLCE%2BK5ye6tobARhNBk6CRJWLkE5gaiHmaZSisQ3EkD2sH3XYu39%2B67gkT3RVcCHe6XkKmdMYQBG2%2B37vgL6nrfebnckJCqgqS%2F1UnI6EFNFSqojInnxn3KcK4yF6Ft8YB10nHjgxeLo9gohnxlNzdJFgkoR1MOL3Zb6EWFOwZC090r%2BFzHDNZnOC0ealsDJsNbCemwtcPUA0PwMeBXc50eBITwugSNPH3Ok09sVpGw61BSdoQRvEGgfFlc5w%3D%3D&nvMid=34962582990&catId=50001519
Apple 아이폰 14 128GB [자급제],"1,187,470원",https://cr.shopping.naver.com/adcr.nhn?x=FcPqDyvwb3opLjxqOICPB%2F%2F%2F%2Fw%3D%3DsLpzRhFWlGNKKJrCgwcupG0NwnR8fg3SB4Tkdxwpj8awZnZjrU3FzcM6ySRl%2FH7JP%2FKCPDNEqFcKmVUo8EF8tCr15TXt7RaTt3wYJQCechMGwkozebsGv0RyFvx7T0H%2FtNjL2dtpzHmCBp%2BbnmzSrQci30QtKP1mA7BYZPpxeJLexWvZfe2todmJfmpbNrXnq%2BEjK%2BRR9mtrgm8h46U6F27ix7jXt7MNVc9AIu4EfDZlNEwRr%2B3STfYHGn%2FB5b3e40GG%2BpVLTdl7Kf67ARQxQKfpdX3WbFkTDlH6jEpSAcw1r6kdrp7BvT8OlwZ7P37YyZp%2FuhVWf5tMOyu5R2EADuyxGiX0NK6TyD%2F24CPelDivUQvs8GHq%2Bj7OvUNvyviyxNuI4LFTY2WqFtIXruPOH2aQL5ybz%2Bv3DAyh2q7O6QLoEdLuJh13gFOuABI1CabywiMtqxTJsTfi%2F6Z%2FRG7FK7kG1YDduCsIlNU81UtgkO9rL%2FnGINkSYp%2Bd2xAAY7UDna3KAybuLDKVP3LjbLnt%2FHEsDQWh8f6hV5vesn1%2BtygpicchwRNwmJ84TyxvjggzF8qYt5sCW2LkIiJwJLaBPUvWrbPH7nFjB%2FG5edY2KbKfke%2FVP%2BgM94BPZkP5YJ%2Bex&nvMid=34561821618&catId=50001519
Apple 아이폰 14 256GB [자급제],"1,329,990원",https://cr.shopping.naver.com/adcr.nhn?x=1m9JNz62Ze4d0a6HC%2FIWpP%2F%2F%2Fw%3D%3DsRS3xaAKI4zldSACo%2BiU%2Fz%2Brb5AekXJoPhPtmQl9vAN4ZnZjrU3FzcM6ySRl%2FH7JPCzYwt9pX30DV50yjq9fd0L15TXt7RaTt3wYJQCechMGwkozebsGv0RyFvx7T0H%2FtNjL2dtpzHmCBp%2BbnmzSrQci30QtKP1mA7BYZPpxeJLexWvZfe2todmJfmpbNrXnqCp5JkkC6Jup88FRTQlHvtLix7jXt7MNVc9AIu4EfDZlNEwRr%2B3STfYHGn%2FB5b3e40GG%2BpVLTdl7Kf67ARQxQKfpdX3WbFkTDlH6jEpSAcw1r6kdrp7BvT8OlwZ7P37YyZp%2FuhVWf5tMOyu5R2EADu%2B6ZfE6TgfryboX3Gzh%2BKyTUQvs8GHq%2Bj7OvUNvyviyxNuI4LFTY2WqFtIXruPOH2b2QzgbkcuOzVn2sgRJ6oUoEdLuJh13gFOuABI1CabywiMtqxTJsTfi%2F6Z%2FRG7FK7u5jnTGDpKGObFTyhFRkGDTL%2FnGINkSYp%2Bd2xAAY7UDnZNohcaMeKqewft%2FBThbtLHlIkjukiYkfYEwtuqlpphBicchwRNwmJ84TyxvjggzFnaaQ%2FMmX90E754l8XxEu6wOmkioybQrTt2k8lJDwjAfke%2FVP%2BgM94BPZkP5YJ%2Bex&nvMid=34563811621&catId=50001519
해외애플 아이폰14 프로 Pro/ 프로 맥스 128G 자급제 홍콩 무음카메라 듀얼심 홍콩판,"1,898,300원",https://cr.shopping.naver.com/adcr.nhn?x=bvaIK%2BsIsa5rYwOw5E3fMv%2F%2F%2Fw%3D%3Ds8z4wbeLH9pTnpZt9txQbOjnDY3P%2B4huDJK7DEqq3%2FYkZnZjrU3FzcM6ySRl%2FH7JPXmE9VH3IItG49z1dBDoAxL15TXt7RaTt3wYJQCechMGwkozebsGv0RyFvx7T0H%2FtNjL2dtpzHmCBp%2BbnmzSrQTaSZny%2B1MgSfJG5ocTRQNj1rIvubP2%2F%2BNF2sTRY2hEVJyfC0lho9C5PhW%2FXpNUKhLW%2F1ADPGP69P%2FDYYEiZVBLffisv5tHfoGFh7RH%2BtSaOAFJNLWxG%2Fj2gEfGb7GroeKkgS%2BblKjHK7bx7j40YMenEkHEflRr9ALMdrBk6mW1gV36ogsAbT2GMBHUreotiQK3EZhar8qfqJ9rsFcm36SvemxZjE6nwVSmgPTvkkYa6gmcdJrKIPVadS%2FhmPKOFo2AbAjt8mKnSodvuop%2FoV4YN4AjQH482jf9l%2FFiNcy4kVeWESHNIVa3qZ1WQe5nf3XURHBzWyi%2FfCaJ%2BAIV3FLlWbxxGpZ1SbEThUUU2HpyvynZxv9jY2NCJiVRNsAQGZWqBbLfZBJz0poRDPDYPX%2BMSm95vl4QzR872MfcbknGYq%2B1QG9%2BhKxA%2B8QzplZRlOo1uK5t3qTkmVdee%2BYRIEeGn3mWYxbb0u3UUbU8vs%2F5pUEaIRnJeTQL9Hh644721EoVsN%2FiAcjmtIwlTUFZwg6A%3D&nvMid=83432900693&catId=50001519
KT 아이폰 14 프로 사전예약 에어팟프로 증정 단말할인30만,"1,250,000원",https://cr.shopping.naver.com/adcr.nhn?x=kR%2FpBm7nsamJSZC6Ff%2Fx%2Bv%2F%2F%2Fw%3D%3Ds7g2RDTlggM2oYeu6FyRzU92sSN6l9IMde%2B%2BJWim1G%2F0ZnZjrU3FzcM6ySRl%2FH7JP0omvPT8lXvysNNFft6VGS715TXt7RaTt3wYJQCechMGwkozebsGv0RyFvx7T0H%2Ft%2BGntvTXPrin4%2Fn8AlVC3Le0JZ4vKXq2xVuFay0gNbwiO%2FsdgQE5FIA0Tw1QMogpF2bxTlyJplcSHii2raEUExWo26y%2FHPSzZUvvV3n81tDCt1aK0eGwEh5JfNjotl0VUAzejvP5WkdZ%2BAPqKt2w0hcHPv45Edr5fvvv%2FlTzZa4XLO3OM0B6R%2BOEZhL95L6MiGuPE8q838Jp1KHpVCUBVkFw1k3kUXjomqDt8NY2PkJpVATguDFkU0yunt2rXAuhXwdk3aNaqMvcAc5G37QzsSLUXxAH3aRbPzPdBeklJJIsOuCAA5H8qITDIeEQ996AlhwWKVlHvQFM6K8WZb8XqBZN5MJvTVQMlQ9ZAQnOWVBFg6%2FGsFDkm7a93G3ixkeAaPY8CNtOyUTFmaKjkkRmidTDysTuHowzf4v9jBx5cjxaO0WmL9fglkabqdop9MbENjKOA%2Fx%2FcaFeOqMegPnHqadik6ILdzkKq7s642SdJe9ZkbsRuyOzSAz8lzf5z%2BjMwgqgOvq6z5EpEI5N2xav1Mg%3D%3D&nvMid=34704978186&catId=50000247
아이폰14 128GB 선택약정 요금할인 Apple iPhone14 256GB,"919,000원",https://cr.shopping.naver.com/adcr.nhn?x=%2BqlLnNyeFNHSCNBRAV3%2Fu%2F%2F%2F%2Fw%3D%3DsL1wGPy7AaGElqcIZpGShWMnH1RUJMuZsioVt%2FlzTbVU1yF%2BGZ396IKxRu7%2BmKAaul%2BfnEVAD1tt4jFjFBBU8apKr91j1PlK4uI22cwNf1By7R5gAiEWV4ay2aR6WqDf3wN%2BbRJAt9ZLjSIg0KjrqhS8ffQLw1x%2F8Lf5s6Y8TBIHXkj%2BZW%2F1lJfgqvRvZaBhRaQyUIT92Yp9vRy58WzVy2EpTiwn85bZoOANd1q2AOb%2FI7jcUHlhTlmQAZy3mtVZOXsGho6s318fne0G8nRyFCBCGSQdcrj%2BZJHLmJxgT%2FbsFbfqvhBmyFER%2BD7e%2BrtE25FHoVl2ZpzdBnlhJ%2FAeRpn%2BUucnAxrsG3xHb9QOpCsI8zDrmuw5GOxi5sewd2wvUlmKHiXg%2Fl8K84ZI6RaheuIHORR4iSZyt%2BZ9soezygAzS%2BQXfAnb%2BFuuNm%2BpahoWF9E2UyN67HPipI5hFlYicCOCHY4%2BqxH%2BP4uzfdGIy0HiKIuYjgwjRF2AXVtFckJNaXbuqIr65u1NsNhEYsJUkgE%2F5k4o11bRVpjkY5Oi1zh%2BPBimPDZwOttZjcrwUclZ9y%2BjmykKnuafcFgycO9PmxAiyRM6fq7cvisyp%2BPdeMl1oaKZHilHbuauHUigNM5KA&nvMid=33319329622&catId=50001519
KT 애플 아이폰14 128GB 기기변경 AIP14-128,"967,000원",https://cr.shopping.naver.com/adcr.nhn?x=dLgT5UTWyYlzhtoI8FLDdP%2F%2F%2Fw%3D%3Ds8d%2Bytwu4Sh9a9AOW7rH2Iz9LPygHPoOeN9wFHAuUEovzrIoIuj9lIGxoqpn2j8WfHoh3WE4NI3M%2FO0w7rC21%2FwvxJu5cSTvLcrEc53HbNbbUEbLbhWTPbILCCxZXM6tbpnn4T6G7Et%2BtkWw7RN9WCeWGikqZTnGFIkAF%2FCQ4QNfOfnOiLYquHaDa1g2wrkwKiV7Fq2THKNlcpfZMtwSwLUPqhJEBsDkULh1Glp7N%2FtAVMZrNX0VZTqdNO2tbxx61AzejvP5WkdZ%2BAPqKt2w0hcHPv45Edr5fvvv%2FlTzZa4UL%2FFM7r5avCjKqFAybufF3VY1zI5a2oYlNWII7DdhlcF2tT2AG9M5jxdXEaCkbHF1DrtdfvbvrRkujSqWHNRcNxiOKf7sECrRbHGQkPem245i%2FB8HE%2BcC59otFmBB5BcSw1KSP6Atjc6iLGLwss7q2gnmL4x573OSGfQpLWps8BTGZtoD7sevm4VLhPTUPLm3q%2Fq5vtrhrvw9uaYByL3jwBO9bpveT0SNRstilenY88OYQsU7TtARBhTKL6TvT1FP3VCyCpn1RZsO35Kn%2Ber2DkyRnd50MVjEwFae5NIgLJ29TZjqEQTAbFzUBl8432wvhVEAf6wwM5tqtSh0bB5Hx&nvMid=34879620225&catId=50000247
KT 애플 아이폰14프로 128GB 기기변경 AIP14P-128,"1,264,000원",https://cr.shopping.naver.com/adcr.nhn?x=eGUd%2B7wT4jbftr%2B7E5O%2BOf%2F%2F%2Fw%3D%3DsFAwyCj%2BSj%2Ba4rkr6Z6xGwfDl2bIojnhTh00732S7UqcZnZjrU3FzcM6ySRl%2FH7JP4IfYQNdpLqInjoHIXlho2715TXt7RaTt3wYJQCechMGwkozebsGv0RyFvx7T0H%2FtNjL2dtpzHmCBp%2BbnmzSrQc13jqCh2G0LMIKGujf%2F9bvM57nJhcOSNBQ6PSwnslfXgE7AF1UwvvwuKXUkDEzwodci3H5RCfxpOdeYU0ds0mS1FeANP4jsAmuWE7wwt7KI%2Bl1fdZsWRMOUfqMSlIBzDWvqR2unsG9Pw6XBns%2FftjJmn%2B6FVZ%2Fm0w7K7lHYQAO7iCeWUh9faeJwkyGLjukmogEgrZY5PqvUUIna%2Bmb2XV29NgQnWAhYezG8a%2B53fdF7kPon96XzMG6yI%2FYD7JAUokMO7pWhNleV7%2F%2FzFcL%2Bq2NXimSoVsHF7IHyc69BwBnwzpDK4IbDdDGitzwTzOHsL2%2F0M3To5BsJFSYLMjz%2F7QCUWN%2FZBHbJ9ASvAN72c0ULLfANX9L7iEGZng9%2F6m0PEQ20huUAUSt7RG%2FC1de7tYd8CXl251OpmWizflz2KEWcT3wvYPhm6r7i2mw%2B70seRuejLD%2BI2OqBecPsrf0hXHjHICEQpPL7Rm%2B2fyhjEhHR&nvMid=34879600235&catId=50000247
KT 애플 아이폰14프로 256GB 기기변경 AIP14P-256,"1,418,000원",https://cr.shopping.naver.com/adcr.nhn?x=9IKpo5R81er8IaVKDR8V1P%2F%2F%2Fw%3D%3DsFDkx6zh3VzWcTmpOFkKh0k9ByYhKu7PuJD%2BztFZ%2BGqLzrIoIuj9lIGxoqpn2j8Wf7wk4G0v4x05Bogf8clz5fAvxJu5cSTvLcrEc53HbNbbUEbLbhWTPbILCCxZXM6tbpnn4T6G7Et%2BtkWw7RN9WCeWGikqZTnGFIkAF%2FCQ4QNfOfnOiLYquHaDa1g2wrkwKN97hHZhxIy8LvFWrOR4bhtishbOBqxKWdL65quvPzrwfqLxJhvoGDP4tVqLLA7QJAzejvP5WkdZ%2BAPqKt2w0hcHPv45Edr5fvvv%2FlTzZa4VVdEjmYZx%2BYX%2BtjSrh1v1CogI5%2FRfqjLeeM%2FOqB%2F0igl2tT2AG9M5jxdXEaCkbHF1DrtdfvbvrRkujSqWHNRcNc3cxPKdWzZGBitTXgQ98JZi%2FB8HE%2BcC59otFmBB5BcSGNKYnHwvTxJRiwzN7jv2MUzuHVAto0fajDClpxIY1qxAZ3d%2BX%2FK4W9gOyu%2FWm97zrdv4BZ4UcXcDoyVu%2FS7%2BGXS50Bnz6ZJoPi6b6aNOZ1sP3Rv79JDGJbe%2FbEQhjDJYaIbT4wPT2RVq4kndhIVrU40KizXwa%2F9PEo5zY3n%2FwJo4OQUusXhe0J6z1i9Yh5r%2FLVWGr8fvvH1mWvUgXPK6j&nvMid=34879633103&catId=50000247
KT 애플 아이폰14 256GB 기기변경 AIP14-256,"1,121,000원",https://cr.shopping.naver.com/adcr.nhn?x=KEOS%2BLWwN0yBv%2BI3la6m%2F%2F%2F%2F%2Fw%3D%3Ds4lxsjv9vpc5gFZIXHPBKSHeCUwNCkZOREYKZcESpoijzrIoIuj9lIGxoqpn2j8Wf2iRovsPz5RQwMesLIaDezgvxJu5cSTvLcrEc53HbNbbUEbLbhWTPbILCCxZXM6tbpnn4T6G7Et%2BtkWw7RN9WCeWGikqZTnGFIkAF%2FCQ4QNfOfnOiLYquHaDa1g2wrkwKzfq76m%2FGxgELRQ%2FABNg3PBItJ1P1n5VRvZhuehFzx%2BJH1v%2BrCklQwhEluA2HZOhUAzejvP5WkdZ%2BAPqKt2w0hcHPv45Edr5fvvv%2FlTzZa4WkslpIZW3Jh%2FAnOsRzqMXHJCUOs7hLNCFoOQA7bMNH%2B12tT2AG9M5jxdXEaCkbHF1DrtdfvbvrRkujSqWHNRcNtqHZcnse8hblvYR9WqF72Ji%2FB8HE%2BcC59otFmBB5BcRxYXZFhWxqSFV%2BIigJhL58iQngaKEtxG9AV6fZ9hGlMy4pEIXanZAIgYsklRZrPDHvt6uekUBeRH4AKkyJZfFSIYA1qk5ZCzeN3%2BAUA6ryrLk9yx2LE4ozzid%2FD5TsgrqumZcomvEqvu13CeFvjQRKYAZATRXTAeomjUWjSkVg%2BcsTe7KMH92wbM0zhTUMbwkNUJgJp6CUXauCvW7Y5AjN&nvMid=34879624528&catId=50000247
애플 아이폰14 프로 256GB 미개통 새상품,"1,558,480원",https://cr.shopping.naver.com/adcr.nhn?x=6QewyXa7e9u%2BjyzFa9ZMb%2F%2F%2F%2Fw%3D%3DsUg5p7ZUfrwrpIgME6%2Fnkf56HPVH8DKUjo0CoNyWO3yjzrIoIuj9lIGxoqpn2j8Wf9MUMosiBMfFIKFUEeplLTwvxJu5cSTvLcrEc53HbNbbUEbLbhWTPbILCCxZXM6tbpnn4T6G7Et%2BtkWw7RN9WCSzztiNeGgmURYtyCzXs5b2vo2Tqrgkl0%2B3tVwZG4%2BNRm4PAE9SBeH4JwQE1QIfE1TUpZ1aV6AlPM9oZ8PC3%2FQwNK2xNVsLbiLLNa6guiFUGbynxoBdZv2ocKjTHzk7ENbdEBDWBVw0RlzrN2KxzOREkx63w5Tb7Pcz2gZr1HMMsm9INF4U8N9dygwiv%2B%2FTH9quKWQN4b7WstTXVRp4V%2Fd2Kx7G3krbJiQXzryuwwOqJOtNMMOo%2F9UvO3J82O3Fb4pdMcz1rn6fUHapf83lakevHvY%2FUzN94OzIr5wG3PfiA3oonSwzf5ceHJMTqM1itQjBTowkIiamjnB2BPZ8yEPGKqlKvy042cgqEN3oNYZa7c8ShhkETuzzbpoNwfblb4ifCrKh7bcQNQZVeuAV1cNrcxay9fuDTcTZ6FC46rM85ylJR8rtDX5tB33rMZsYMtGtw%2FYtzfbClSfQY7qhtcRnmELFO07QEQYUyi%2Bk709RT8oyoJb8p7CTcPrW7QlEKZ3bmT5GY8MrBGlXnjTdpA29vU2Y6hEEwGxc1AZfON9sL4VRAH%2BsMDObarUodGweR8Q%3D%3D&nvMid=35001797548&catId=50001519
KT 애플 아이폰14프로맥스 128GB 기기변경 AIP14PM-128,"1,473,000원",https://cr.shopping.naver.com/adcr.nhn?x=%2BEU%2B7RWyXx580WyGTQtKgf%2F%2F%2Fw%3D%3Dspfs2DBj89xVYL5Oi8BtqghGrZcu5DSSf4bpBuItVO%2Fg1yF%2BGZ396IKxRu7%2BmKAauGTABqVcDBg1fbg253jlTDZU%2FaJUM6XfBx1V6tGylrAC7R5gAiEWV4ay2aR6WqDf3WsK%2BwOAVXC8KGJlxeInApdDWuzrSEw50NQFAeFmD2EzKX5roDq9%2BwVzKfcIbCfQwoSzIH90y9ToRAy6pvn6zu86Z4IoQj1Nv3V2NGOBd%2FB2WrkTjWYzKSs69x6NdRyWQ1QekUY5YnqZoUIQNITRy3z9rXyqENDUD8omnd%2BAEOivf3Vb8LXDlJWzaxi1N0VJ6u2fOnVvaeC%2Bmn9mjp%2B1DhK2caipgw1C%2Fdf7S7%2FqbF8kNHPhONxhrwtzjeUDJxv2S%2BjqXK0myf3%2FLj0WZN8iorGJ0vYofzlgssyvddFWkR8WBsGqw3xl6zsATV0KdMTfv43b3ykA%2BE%2FWL4GziCqLQgqj3ys%2Bo97tnXfsaaEBsax1PVxvU%2Fbinx7hN0QcVkZlBgPSVtMxjXRtNXxPYBULMulSN3GnKYWrZuN8J4Nd7hp5fxnid8FGmKnnksUnVRiZwEzA%2BJ8Tb%2FA0E%2B%2BdoJl%2Bd95gehWhsJDb42JxRY9XthGalo1e3VIOI2Oxx0thP6wJLgqgOvq6z5EpEI5N2xav1Mg%3D%3D&nvMid=34879602296&catId=50000247
KT 애플 아이폰14프로맥스 256GB 기기변경 AIP14PM-256,"1,616,000원",https://cr.shopping.naver.com/adcr.nhn?x=P0HX7%2B1Rv3uOp2HAIRk6a%2F%2F%2F%2Fw%3D%3DshF6eYbGp6jlqcdQSpNZ9MMmkcH1MLY6VKYJxIPbKKxUZnZjrU3FzcM6ySRl%2FH7JPAMx90q75%2BSWZzunOQuaGIL15TXt7RaTt3wYJQCechMGwkozebsGv0RyFvx7T0H%2FtNjL2dtpzHmCBp%2BbnmzSrQc13jqCh2G0LMIKGujf%2F9bvM57nJhcOSNBQ6PSwnslfX2SbN%2BkjNafnh9mJvcommeeDMz6HFN7NL0Ev4S2GsTr%2BExKSuS2kSykTksU21zeWq%2Bl1fdZsWRMOUfqMSlIBzDWvqR2unsG9Pw6XBns%2FftjJmn%2B6FVZ%2Fm0w7K7lHYQAO7GjPu3j%2F3Pp2a3OrNcFjd9wEgrZY5PqvUUIna%2Bmb2XV29NgQnWAhYezG8a%2B53fdF7wzVZe8ss65dS895IhSDnJ0MO7pWhNleV7%2F%2FzFcL%2Bq2NXimSoVsHF7IHyc69BwBnwJgqYH61Fngi1swMrp7v9cQTVOOwu3ETS81YN4FAMMj3GYkc7lKu8MieceAMpgy69HWC240j%2FTVEvgRdhTzR1Hf3T8h9yhVb%2FqQWBMw1rFqKDrgClekVxtSLNN1yS74gX0ciHFnKoorAInR6IWNzoEg0Fn7cIUJQA3y1OzSgTm%2FxsIuNapUfv4klpmWZIUY0YBq7h9PA5SrIXrcWPClBGWw%3D%3D&nvMid=34879694929&catId=50000247
애플 아이폰14 프로 256GB SKT 기기변경 선택약정 89요금제 사전예약,"1,581,000원",https://cr.shopping.naver.com/adcr.nhn?x=iyHZ3TA7PvD2REDj4wdsZP%2F%2F%2Fw%3D%3DsRhKH2a060d2737%2BfLLrQk%2F734AJghppLFtpu15eD1%2FsZnZjrU3FzcM6ySRl%2FH7JPCIE0g4CfP3p%2BOWIyrNqBv715TXt7RaTt3wYJQCechMGwkozebsGv0RyFvx7T0H%2Ft%2BGntvTXPrin4%2Fn8AlVC3Le0JZ4vKXq2xVuFay0gNbwiO%2FsdgQE5FIA0Tw1QMogpF7LlBvfj%2FGRh7Bt7adiOPFf3z4YvvQOUhIeVPahRdjaGt1aK0eGwEh5JfNjotl0VUAzejvP5WkdZ%2BAPqKt2w0hcHPv45Edr5fvvv%2FlTzZa4XLO3OM0B6R%2BOEZhL95L6MitnKZgva%2BnQVvirWjZMqZ%2FoEAJCQYnmRAsYuPR7a%2FneGV0zRIsH8m5XNLb%2BA%2F7NldUwmDirJOvTKDCHwMpRMz8e0O7wm%2B67JkV415rrRl2Kl9lAV5PR9ekAPg%2BTUYgirbGA2kD910ra1Uhf0YxEKDHnsly59hEqhfffcOUe21ZXlG9vT3IAp3oFH8081WYSlavbdVg77lPgzUTGd9aRfB2THoCtEta1dw75me5Z%2BsR5u7qsL1X%2B98jq8r4IbblHs0q%2B1QG9%2BhKxA%2B8QzplZRlOqJHAZW%2B%2FnG2MdeR06O1nPpR%2BGRInobMgtxL2xRddKLZA35CyMrpXQUt3%2FJvHupy5s1ITc7NlRPvorKrNyQBKaY%3D&nvMid=34587556707&catId=50000246
[아이폰] 애플 아이폰14 프로 128GB 미개통 새상품,"1,540,000원",https://cr.shopping.naver.com/adcr.nhn?x=36Lq5vjR7WLT11UXWVqvJ%2F%2F%2F%2Fw%3D%3Ds7Cg89q8cm1OTdc1VdaZ3dxrsPipOltWOC1RNkGjywAvzrIoIuj9lIGxoqpn2j8WfRNchRXen6SEsdN9KRSuE4QvxJu5cSTvLcrEc53HbNbbUEbLbhWTPbILCCxZXM6tbnVwkcKaA1WLLJnGDw4i6Qxv5PZtYmS%2BmNvXLXF9nEnGUNUv65oeq781FR%2FMJQKy4X9M6JenI5WxqDuF87gsdRF1QkOgf7h4Fkv8l4zJ0VLJZAvDzIC%2B4dcQYiTOxXwfaNqOPGRaclpU1FVk%2Fz8jlo1gES2XEvhYYeVGKhWntA9%2BrilkDeG%2B1rLU11UaeFf3disext5K2yYkF868rsMDqiaB5zWb8rklrzudXyyyGOExxovao7liDsUlyGK%2BdZFhIf5S5ycDGuwbfEdv1A6kKwlsd57OOwZFGOJryVbFP%2FQ37z3v8EQZcOsvgXGmNpZoU%2F5Zn%2BQc78IVFvaSUjB0Kev0Kn4GBj8nSrN%2FkkBLMqETxSCzy%2FdSBHA1LS3US0g6RLhxXN1oCTuGT%2Bo%2F%2FCH18GUnkj%2FRYmnP6KQzoPswD39OL1TiZhUmx3gVWJ0Jh9ZUZAXMSq0v7Lu3fPabQ3n8A%2BcW8TYJ1YoScvnnVpsV8THD6v1y1DHTmsLYUQZiPCVEgrnzRVTKEQIPQ43KWv9bYsMtKtbhFOToZ%2FDwvnabYw6odHI8FZtQVGFZJxOyBDKc%2B&nvMid=34962587159&catId=50001519
[아이폰] 애플 아이폰14 프로맥스 1TB 미개통 새상품,"2,497,000원",https://cr.shopping.naver.com/adcr.nhn?x=2Mq5CL%2FEOsjhaB6ykBPl1v%2F%2F%2Fw%3D%3DsO8Di05pvQXrtS6vtJdyAmzbHZ11Yv4U2AlfPUdGQwxk1yF%2BGZ396IKxRu7%2BmKAauaFKirCAiMLkEUHLIiSL5LJKr91j1PlK4uI22cwNf1By7R5gAiEWV4ay2aR6WqDf3WsK%2BwOAVXC8KGJlxeInApX1tPNb4GsQjVE0lqas1cxB%2F78Xn6bsL07XLvdbbvzc%2FETlgE6IJz9GUWJV7rTP%2B%2Fhq5UnlxndHbU1%2BzGAGaupB0tL50YY8XSvPuX%2BUXecqWsTTwiUaRTFNviAHNQmrMC5pCym2rNGKfIH%2F2N8QIbvr6XV91mxZEw5R%2BoxKUgHMNa%2BpHa6ewb0%2FDpcGez9%2B2Mmaf7oVVn%2BbTDsruUdhAA7uCcFbjUZMapS9T4K93EioWWl3oeQXg%2BWtXJGNPVh9NbGxeDmVS9kP3MLsWL1Ykk4c2XvQnFwWzjqOTGrYHy564f2E6jZRiN59T9gTQQWOgbJp16Ik5CqZCz4C%2BIG%2FDS3ztMams4MWu%2FI5QNcQm%2FZhpgqGwBa%2FQ2LSxU5tumXQJfH9K6GVmuOYrhWCDJiMqvMWlkX647Zdjjw9%2Br5Mcvp%2BaVzQtgNwHNSsC97WXLMcOq5Ek2z%2FeiuW0OVNTHkcw9JXCkd2CpQ%2FahgJeoF%2FR72Tu7pYz%2FZoUVj0ibnnM3SKj8heGhS2zuprZCvCAX70m9wtWhZ3SMHTcLlpircdRzUgq1JIslBmdxaTx7xO1%2BPPoWw%3D%3D&nvMid=34962461070&catId=50001519
[아이폰] 애플 아이폰14플러스 128GB 미개통 새상품,"1,090,000원",https://cr.shopping.naver.com/adcr.nhn?x=IhJi3WDtRrj%2F9PsX0H0SOf%2F%2F%2Fw%3D%3Dsi8ictD4MVn6mLodY2Bbo2WbeHEVMvXKivgn888aH1tfzrIoIuj9lIGxoqpn2j8Wf96MdXJGKNEJdl%2Bskggx6vAvxJu5cSTvLcrEc53HbNbbUEbLbhWTPbILCCxZXM6tbnVwkcKaA1WLLJnGDw4i6Qxv5PZtYmS%2BmNvXLXF9nEnGUNUv65oeq781FR%2FMJQKy4X9M6JenI5WxqDuF87gsdRF1QkOgf7h4Fkv8l4zJ0VLJlWXztmNj%2FCUZYJ7xR27kDNqOPGRaclpU1FVk%2Fz8jlo1gES2XEvhYYeVGKhWntA9%2BrilkDeG%2B1rLU11UaeFf3disext5K2yYkF868rsMDqiV38q9U7slZd03crLTVIWZjON%2FaXZFqqj%2BJEtKGIWA8Kf5S5ycDGuwbfEdv1A6kKwgnW7m23hIeUHYRDt97r%2BIE66zxOu6XGvbWH0fbhnkDO%2F5Zn%2BQc78IVFvaSUjB0Kev0Kn4GBj8nSrN%2FkkBLMqESsZPftLibVLYOvg%2FlMfrBrWTXQYsqYuCDUtQ2G7w%2FWyDulBXMG7WVUNNGPsx5675cHNOoe4u%2BySO3X3pK6sOsoey4zhc2%2BO89keo%2FqiB7%2FOnROM7OMEWn2%2Fkog45w%2FA6aGAv2xA9xguVkCJJpofd3uPiRR%2B%2FuKl7Q8mU1e9Nm1U9oJdMnnlw1fiQVOyoKaSv0OEsHC78VBLnFZh%2FnDobeN&nvMid=34972132757&catId=50001519
Apple 아이폰 12 미니 64GB [자급제],"693,990원",https://cr.shopping.naver.com/adcr.nhn?x=InQOr%2F%2FPyc4PJ5R8kcBuEv%2F%2F%2Fw%3D%3Ds9%2FDL6B5x62e5Oj97pR9RyzN%2FjwN%2FdjO9T1D6bAjpwobzrIoIuj9lIGxoqpn2j8WfOQqN2Lt4gLHfCuCuo5cybQvxJu5cSTvLcrEc53HbNbbUEbLbhWTPbILCCxZXM6tb3M2z7RFzFSRVQFSBf1qG%2FUPg%2F6PYJW9LpCSumzPJoiiI9aZyW4hhCgmcrsQhWGWGncHgcf9XgeXQIpJJ%2BzokVPKAXVfyDB1yTbVYYpYzcFnUHxlEatbmVq7jmztE%2Fyws2x5DAcm55SB0HDXzmGe%2BOwM3o7z%2BVpHWfgD6irdsNIXBz7%2BORHa%2BX777%2F5U82WuFwQgzXGhP1K%2FiJ%2BAmedYseViNw20QKMOScxPZ9Hhnt9r1QQzCLreNp8sjPDBjStixc0%2Bmgrgyln%2BC33%2F9UeTxRl%2FQmhvnGDbmEEVLladDzyFFiBdPxTSuvYOb67FAYBAGTaXjkcgM%2FER9DIwblHCq9cqDzcB9Kwntlu5xHVe6yWeZZd0C6e2Zyps4U6T5DErB%2FtcMtEzEZyOt9WDohmS738ObuYOf7PboSMxXHyh9qZUNauEcRynSn%2F8orOK7nc90iilFfvmSTCcnfwd8mjgnzaevJ3BSFsE3BNKPDxWy9O1WhZ3SMHTcLlpircdRzUgq1JIslBmdxaTx7xO1%2BPPoWw%3D%3D&nvMid=24450995542&catId=50001519
아이폰14 사전예약 iPhone14 256GB SKT 단말기 할인/스페셜 사은품,"1,249,000원",https://cr.shopping.naver.com/adcr.nhn?x=wYTyeBcwEgQDg%2Bsfxnl4r%2F%2F%2F%2Fw%3D%3DskVa2dQROpkKflP%2BzxJNEmxP4VB1ovWyTdJdaHR9jF3kZnZjrU3FzcM6ySRl%2FH7JPwiQzZApiR50oEZgTkp8Y2L15TXt7RaTt3wYJQCechMGwkozebsGv0RyFvx7T0H%2Ft%2BGntvTXPrin4%2Fn8AlVC3Le0JZ4vKXq2xVuFay0gNbwiO%2FsdgQE5FIA0Tw1QMogpFXpkki2leyJKleyUNw7mBr9htWJt4QR%2FAhkQ%2FAL7a2%2Fut1aK0eGwEh5JfNjotl0VUAzejvP5WkdZ%2BAPqKt2w0hcHPv45Edr5fvvv%2FlTzZa4UKVXrDlQhwPuISUo%2B3jEUDRtGkBxzZirWCGIJ0%2BujmxVw1k3kUXjomqDt8NY2PkJpJiGoPab%2F7xzrEfHOnmmvOHpEhiISX%2FukNP5%2BH4KtgPYKw5VH7xNu5bTcNYh1SGvK4kpiJeBftBZQi96O2KCuA15RlBlxSEuNLQiDSd2IQ5lLm1iFtD%2Fo9TeDOzmJhu9GOz%2B74oA22b%2BTWIBQGTvHExnAj4NzvugWr7dG%2FIQjW75wMG2U8WKuWhlylOxvFiSqYcDh4%2B3Cqjaoa69I07luXjwYpjw2cDrbWY3K8FHJWfeb%2B9O28Q5nV5sdwQZxObfKoFamzlac5LEOJA8FVY5k2aGimR4pR27mrh1IoDTOSgA%3D%3D&nvMid=34838890810&catId=50000246
Apple 아이폰14 프로 256GB 자급제 골드,"2,046,000원",https://cr.shopping.naver.com/adcr.nhn?x=aEVLWeLFPH6N%2BjhZW4dQUv%2F%2F%2Fw%3D%3DsssmVPfXIvQDh3M3iRFEYzxzsO%2FWRCrbTUleJRnKFLFoZnZjrU3FzcM6ySRl%2FH7JPaxw%2F9DatE%2BRGnLiuluI91b15TXt7RaTt3wYJQCechMGwkozebsGv0RyFvx7T0H%2Ft%2BGntvTXPrin4%2Fn8AlVC3Le0JZ4vKXq2xVuFay0gNbwiO%2FsdgQE5FIA0Tw1QMogpFbzzadts7qnKSNxQStooMv5T9KQJsWc6N7zRHiDcxXlat1aK0eGwEh5JfNjotl0VUAzejvP5WkdZ%2BAPqKt2w0hcHPv45Edr5fvvv%2FlTzZa4VbLop6dHASil4JgL5w8SXpewgdYRvNrWrBu3uPriPezup2LdD%2BbxXYDmNHXbecDBmesM4IwJVVFuhpbviNscEtpkaOrdo37MjeN9zsL%2BAxT6mnlSB3AAvRQcR7lrgsluBVAwb8WVtvyLHhp2AzgnTD5Q8x7UWpiBkFJhUKiGnlk7AhvGsa8kkL%2Bmj%2F6UmXHoRQd1x6Xd5KGczFdyw5r0bJuSesjbeDGVZtC9njmg2PrRohtPjA9PZFWriSd2EhWtQrejL9OgNYzE9sFfogXIhjAZ%2Fjj915zNg3ywva9hvT%2BYVsN%2FiAcjmtIwlTUFZwg6A%3D&nvMid=34578740788&catId=50001519
Apple 아이폰 14 프로 1TB [자급제],"3,000,000원",https://cr.shopping.naver.com/adcr.nhn?x=3f4m1%2F%2FqepRh1ETPZTf%2BfP%2F%2F%2Fw%3D%3DszdRZc5%2FGuzOT6wImyZXq%2BWvGtYyQ8%2BUWV4y5QDd45MoZnZjrU3FzcM6ySRl%2FH7JPis31FNA%2BdSeObP6IM0kXMr15TXt7RaTt3wYJQCechMGwkozebsGv0RyFvx7T0H%2FtNjL2dtpzHmCBp%2BbnmzSrQci30QtKP1mA7BYZPpxeJLexWvZfe2todmJfmpbNrXnqEl8EGSooPAzIzUuvZzMEQLix7jXt7MNVc9AIu4EfDZlNEwRr%2B3STfYHGn%2FB5b3e40GG%2BpVLTdl7Kf67ARQxQKfpdX3WbFkTDlH6jEpSAcw1r6kdrp7BvT8OlwZ7P37YyZp%2FuhVWf5tMOyu5R2EADu443F7m392qalCjbCprZCznUQvs8GHq%2Bj7OvUNvyviyxNuI4LFTY2WqFtIXruPOH2ZyWCNpbFnFDaVxc4w1YTkcEdLuJh13gFOuABI1CabywiMtqxTJsTfi%2F6Z%2FRG7FK7gW1dOuSq%2FB0zr0ktzqvDtr1JtnyFV8OD7Bngtl8x0QvWF8C1sKHyE6WqXKmnlI%2FuuHN0wCXj%2BRMtQrlx28uxybvW2q1ZBpuV%2F%2FvtKUgTGHnhyAM06OUBYEDGY8PJPgpU6d%2FXGnT%2FwSLEhR%2FvLcm%2FkLLE3uyjB%2FdsGzNM4U1DG8JDVCYCaeglF2rgr1u2OQIzQ%3D%3D&nvMid=34562724618&catId=50001519
애플 아이폰14 프로 128GB 미개통 새상품,"1,439,900원",https://cr.shopping.naver.com/adcr.nhn?x=4JCsf8BS1it2QeE2T%2BBblP%2F%2F%2Fw%3D%3DsHgSXhfjR4cWt75Snd9bPXjy9ZHQjVVrjc%2BDbxjlDh%2BMZnZjrU3FzcM6ySRl%2FH7JPCE9ycT%2Fq38LQR9tGoOhzYb15TXt7RaTt3wYJQCechMGwkozebsGv0RyFvx7T0H%2Ft%2BGntvTXPrin4%2Fn8AlVC3Le0JZ4vKXq2xVuFay0gNbwiO%2FsdgQE5FIA0Tw1QMogpF5euX%2Bdiz%2FiGdMxdIr16k5pVdQdfabVImZkFZkHrYac%2Bt1aK0eGwEh5JfNjotl0VUAzejvP5WkdZ%2BAPqKt2w0hcHPv45Edr5fvvv%2FlTzZa4XT8KzwL0rsfDrbTU5%2F%2FydzR%2BpiGNm%2BE8otDg%2Fxn%2BvC1Op2LdD%2BbxXYDmNHXbecDBlPDbA4xG%2B5WWif4sOb7J%2Bv%2BsBqeLt7jBC3DSzFwOwEh%2B0O7wm%2B67JkV415rrRl2KmsXl1l%2FYeIuBRSDDyYaxddWTXQYsqYuCDUtQ2G7w%2FWyDulBXMG7WVUNNGPsx5675fe4Y8X5YFGN2dYqC%2FB5DspvQtRY3qRZYEZKI8JD52RwS6CIOHlLyf7tFzQx427OB3WXLH22bXXR9VMSyKVDexVjMOJ%2FpOTQ7Dbxnu0FhEUweR79U%2F6Az3gE9mQ%2Flgn57E%3D&nvMid=34961196939&catId=50001519
애플 아이폰14 프로맥스 1TB 미개통 새상품,"2,297,240원",https://cr.shopping.naver.com/adcr.nhn?x=r%2BWeZNtZ6RTumCDTeywUMf%2F%2F%2Fw%3D%3DsmC%2Bk9tJ9s15umS27Wv6c4t0NRTjF%2FrSj4h1nbbL69wI1yF%2BGZ396IKxRu7%2BmKAau%2FdpzvyxU7svb3ichCv%2B%2FeLlm1rsiKIYhOSbrj4tM3qO7R5gAiEWV4ay2aR6WqDf3WsK%2BwOAVXC8KGJlxeInApcmCS8YqD3IEJhWUPeYSnGEnxTl42dGCYBR9DMfmEMwEwRSOYsoUJw522QUFm8IiQfcegf%2BNhM8OF0zE6lTvguuDCxNKr3zHPfaZKy5rHo5D536AAHD%2FaCjs0HXPjfSeOiiNMdu%2FDZwp%2Fv96WTM%2FWqDGsCEAaB0bUuA7guzNM7s6%2BysoCuTKw2MllMdLER59rPpdX3WbFkTDlH6jEpSAcw1r6kdrp7BvT8OlwZ7P37YyZp%2FuhVWf5tMOyu5R2EADu%2Bm1KAnQem4AU%2FNikkclQFiEK2NvEM%2FWRC3BknrwO3ABYYyQomAOCRwvaXv4BU13vyVLn%2BN3jHzXuWEqNCLzU2T3jZy8j83hl%2FBESvnOERYxvrFeHouvGGO3qQRWiHMlvG0jG8jup%2BW%2Buqc4pG7EVF0nQUva26gk3i%2FUHWeygqUo5t3sg%2FBV0f1OHMiWZpsP988mr8OPPq9I5yeKmIscCUlQ0IqYzy91TfGYoxivHXb9y9O26Di8KMS%2BiGo7JDPn2RZwQ5ZLOzOA2z6V2T%2F1dE5STx07eRJ4pgr%2FCzE7qv7OzY6of2Xpggjm6A4Z8HgJhg%3D%3D&nvMid=35002015108&catId=50001519
해외애플 아이폰 14프로 프로 맥스 자급제 홍콩 무음카메라 듀얼심 언락폰 홍콩판 폰,"1,889,000원",https://cr.shopping.naver.com/adcr.nhn?x=76lWrp8Gpgju1JbYMRNJsP%2F%2F%2Fw%3D%3DsSitj4nOOTSHkibzIU8EYGgvZhpnwt0EASHmJVTW0ge4ZnZjrU3FzcM6ySRl%2FH7JPb8SttMrzUY8Kk1zxHgTx1r15TXt7RaTt3wYJQCechMGwkozebsGv0RyFvx7T0H%2FtNjL2dtpzHmCBp%2BbnmzSrQTaSZny%2B1MgSfJG5ocTRQNj1rIvubP2%2F%2BNF2sTRY2hEVaDq%2BD5GNF9OmMcevjJdJS7W%2F1ADPGP69P%2FDYYEiZVBLffisv5tHfoGFh7RH%2BtSaOAFJNLWxG%2Fj2gEfGb7GroeJoy%2FhmTqlM%2FRxjT72G68tm7TyzW9mnUxwLJgiae6GJjV36ogsAbT2GMBHUreotiQC70PeUayAEvP0EeVtfuX%2FiUPhH9I5qAupihrBMgDfbygmcdJrKIPVadS%2FhmPKOFo6kD4mWaX7%2BrzopNSnOFcvVD1tKYVl6KKzBn02f9ysI5KLRDf3HX699paUPLmJm4zz3x9TSaGEpgD3%2F4aYNVAaqkgOypoAQUowgXGeGFdv7r7G89%2B1e9jmwwA9q3gNXrLaWRfrjtl2OPD36vkxy%2Bn5qfpBUCKXtA5s%2Bjrn5od%2FQ9FzcnvZN2pG12XEuR%2F3JR3jus5lQ5CbYD7%2BeZFIJyUlmBa3d8MJwZOOHnZu3o7drswEpDRst9%2BjBtjVSwzwuP%2BccgIRCk8vtGb7Z%2FKGMSEdE%3D&nvMid=84701351966&catId=50001519
